,school,sex,age,address,famsize,Pstatus,Medu,Fedu,Mjob,Fjob,reason,guardian,traveltime,studytime,failures,schoolsup,famsup,paid,activities,nursery,higher,internet,romantic,famrel,freetime,goout,Dalc,Walc,health,absences,G1,G2,G3
0,GP,M,16,U,GT3,A,0,1,at_home,services,course,father,1,1,0,no,yes,yes,yes,yes,yes,no,no,4,2,3,1,1,4,-1,5,22,17
1,GP,M,16,U,GT3,T,0,1,at_home,services,course,mother,1,1,0,no,no,no,yes,yes,yes,yes,no,3,3,3,1,1,4,-1,5,17,4
2,GP,M,15,U,GT3,T,2,3,at_home,other,home,mother,0,1,0,no,no,no,yes,yes,yes,yes,no,2,3,3,0,1,2,0,5,3,17
3,GP,M,16,U,GT3,T,0,1,at_home,services,home,mother,1,1,0,no,no,no,yes,yes,yes,yes,no,3,3,3,1,1,4,-1,5,17,4
4,MS,F,15,U,GT3,T,4,2,at_home,other,course,other,1,3,0,no,no,no,yes,yes,no,yes,yes,3,2,2,0,1,0,-4,5,17,2
5,GP,M,16,U,GT3,T,1,2,teacher,services,course,mother,1,0,0,no,no,no,yes,yes,yes,yes,no,3,2,3,1,1,4,-1,5,17,17
6,GP,M,16,U,GT3,T,0,3,at_home,other,course,mother,1,0,0,no,no,yes,yes,yes,yes,yes,no,2,3,0,1,6,4,-1,3,22,17
7,GP,M,17,U,GT3,T,3,0,at_home,other,home,father,1,0,0,no,yes,yes,yes,yes,yes,yes,no,3,3,0,1,1,4,-1,21,17,4
8,GP,M,16,U,GT3,T,0,2,at_home,services,course,mother,1,1,0,no,no,no,yes,yes,yes,yes,no,3,2,3,1,1,4,-1,5,17,4
9,GP,M,16,U,GT3,T,0,0,services,services,course,mother,1,1,0,yes,yes,no,yes,yes,yes,yes,no,2,2,4,1,0,4,-1,3,17,4
10,GP,M,14,U,GT3,T,0,2,other,services,home,mother,0,1,0,no,no,no,yes,yes,yes,yes,no,4,4,3,1,0,4,-1,5,22,4
11,GP,M,16,U,GT3,T,2,2,at_home,services,home,mother,0,0,0,no,yes,no,no,yes,yes,yes,no,3,2,3,1,1,4,-1,5,22,4
12,GP,M,16,U,GT3,T,3,1,at_home,services,home,father,1,1,0,no,no,no,no,no,no,yes,no,3,5,4,1,1,4,-1,-2,14,4
13,GP,M,15,U,GT3,T,0,1,at_home,services,home,mother,1,1,0,no,yes,no,yes,yes,yes,yes,no,4,4,3,1,0,4,-1,5,17,15
14,GP,F,14,U,GT3,T,0,3,other,services,home,mother,0,0,0,no,yes,yes,yes,no,yes,yes,no,4,4,4,1,2,4,-2,3,17,4
15,GP,M,15,U,LE3,T,2,3,at_home,services,home,other,0,2,0,no,no,no,yes,yes,yes,no,no,3,3,4,1,1,2,1,21,22,4
16,GP,F,16,U,GT3,T,4,0,at_home,services,home,mother,0,0,0,no,yes,no,no,yes,yes,yes,no,4,3,4,1,0,4,-2,5,17,17
17,MS,F,15,U,GT3,T,1,1,other,services,home,father,0,3,0,no,no,no,yes,yes,yes,yes,no,4,4,4,1,1,2,-2,6,3,17
18,GP,M,17,U,GT3,T,1,1,at_home,services,course,mother,0,2,0,no,yes,yes,no,yes,yes,yes,no,5,3,1,1,2,4,-4,21,17,22
19,GP,M,15,U,GT3,T,2,1,teacher,other,home,father,0,1,0,yes,no,no,yes,no,yes,yes,yes,3,3,2,1,0,2,-1,3,22,20
20,GP,M,15,U,GT3,T,0,1,at_home,services,home,mother,0,1,0,no,yes,no,yes,yes,yes,yes,no,3,4,3,1,1,2,-1,3,22,17
21,GP,M,16,U,GT3,T,2,2,at_home,services,home,mother,1,1,0,no,no,no,yes,yes,yes,yes,no,3,2,3,1,1,4,-1,5,17,4
22,MS,M,16,U,GT3,T,3,4,services,other,course,other,2,0,0,no,no,no,no,yes,no,yes,no,4,2,4,0,4,3,0,-2,4,5
23,GP,F,15,U,GT3,T,2,2,at_home,other,home,mother,0,1,0,no,yes,no,yes,yes,yes,yes,no,3,4,2,1,6,3,-2,19,19,4
24,GP,M,16,U,GT3,T,0,2,at_home,services,course,father,0,0,0,no,no,no,yes,yes,yes,yes,no,3,3,2,1,1,4,-1,21,22,4
25,GP,F,16,U,GT3,T,0,0,at_home,services,course,mother,1,1,0,no,no,no,yes,yes,yes,yes,no,3,2,3,1,1,4,-1,5,17,4
26,GP,M,15,U,LE3,T,2,0,services,other,course,father,6,0,0,no,no,no,no,no,no,no,no,5,0,1,1,1,3,-1,21,4,17
27,GP,M,16,U,GT3,T,0,2,at_home,services,home,mother,0,1,0,no,yes,no,yes,yes,yes,yes,no,3,3,3,1,1,4,-1,6,3,4
28,MS,F,15,U,GT3,T,2,2,at_home,services,home,mother,0,0,0,no,yes,no,yes,yes,yes,yes,no,5,2,3,1,0,4,-2,5,17,4
29,GP,M,15,U,GT3,T,2,0,teacher,services,home,mother,0,0,0,no,yes,yes,yes,no,yes,yes,no,4,2,4,1,1,4,-1,5,17,17
30,GP,M,17,U,GT3,T,2,2,at_home,services,course,mother,1,1,0,no,no,no,no,no,yes,yes,no,2,3,4,0,1,4,0,7,22,21
31,GP,M,18,R,GT3,A,2,1,services,services,course,mother,0,2,0,no,no,no,no,no,no,yes,yes,3,3,4,0,3,0,-1,21,3,9
32,GP,M,15,U,GT3,T,2,1,at_home,services,home,mother,1,0,0,no,yes,no,yes,yes,yes,yes,no,3,3,3,1,1,2,-1,5,17,4
33,MS,M,15,U,GT3,T,2,1,teacher,other,other,mother,1,0,0,no,yes,no,yes,yes,yes,yes,no,3,4,3,1,0,4,-1,5,17,12
34,GP,M,16,U,GT3,T,0,2,at_home,services,home,mother,0,1,0,no,yes,no,yes,yes,yes,yes,no,3,2,3,1,1,4,-1,5,17,4
35,GP,M,16,U,GT3,T,2,2,at_home,services,reputation,mother,1,1,0,no,no,no,yes,yes,yes,yes,no,3,2,3,1,1,4,-1,5,17,4
36,MS,M,15,U,GT3,T,0,2,at_home,services,course,mother,1,1,0,no,yes,no,yes,yes,yes,yes,no,3,4,3,1,1,4,-1,5,17,4
37,GP,M,16,U,GT3,T,0,1,at_home,services,home,mother,0,0,0,no,no,no,yes,yes,yes,yes,no,3,2,3,1,1,4,-1,5,17,4
38,MS,F,16,U,GT3,T,2,2,services,services,reputation,mother,0,0,1,no,no,no,yes,yes,yes,yes,no,3,4,0,1,1,4,-2,5,8,17
39,GP,M,16,U,GT3,T,3,1,at_home,services,course,mother,0,1,0,no,no,no,yes,yes,yes,yes,no,4,3,1,1,1,2,-1,12,22,8
40,GP,M,14,U,GT3,T,2,3,at_home,services,home,mother,1,1,0,no,no,no,yes,yes,yes,yes,no,4,4,3,0,1,4,1,17,17,17
41,GP,M,16,U,GT3,T,0,1,at_home,services,home,mother,1,0,0,no,no,no,yes,yes,yes,yes,no,3,2,3,1,1,4,-1,5,17,17
42,GP,M,16,U,GT3,T,0,0,at_home,services,course,mother,1,1,0,no,no,no,yes,yes,yes,yes,no,3,3,3,1,1,4,-1,5,3,17
43,GP,M,17,U,GT3,T,0,1,at_home,other,course,mother,1,2,0,no,yes,no,yes,yes,yes,yes,no,4,2,2,1,0,4,-1,5,17,17
44,GP,M,16,U,GT3,T,0,1,at_home,services,course,mother,0,1,0,no,yes,no,yes,yes,yes,yes,no,3,3,3,1,1,4,-1,5,17,4
45,GP,M,16,U,GT3,T,2,2,at_home,other,course,mother,1,1,0,no,yes,no,yes,yes,yes,yes,no,3,2,3,1,1,4,-1,5,17,4
46,GP,M,16,U,GT3,T,0,2,at_home,services,home,mother,1,1,0,no,yes,no,yes,yes,yes,yes,no,4,2,4,1,0,4,-1,5,17,4
47,GP,M,16,U,GT3,T,3,1,services,other,course,mother,1,0,0,no,no,no,yes,yes,yes,yes,no,3,2,0,1,1,2,-1,24,3,7
48,GP,M,16,U,GT3,T,0,1,at_home,services,home,mother,1,0,0,no,yes,no,yes,yes,yes,yes,no,3,2,3,1,1,4,-1,5,17,4
49,GP,F,16,R,GT3,T,0,1,teacher,services,home,mother,1,0,0,no,no,no,yes,yes,yes,yes,no,4,2,3,1,1,4,-1,9,17,4
50,GP,M,16,U,GT3,T,0,0,at_home,services,home,mother,0,0,0,no,yes,no,yes,yes,yes,yes,no,3,3,3,1,1,2,-1,5,17,17
51,GP,M,16,U,GT3,T,3,3,other,services,home,mother,1,0,0,no,yes,no,yes,no,yes,yes,no,5,4,3,0,0,4,7,21,22,7
52,MS,F,16,U,GT3,T,3,1,at_home,services,course,mother,0,0,0,no,yes,yes,yes,yes,yes,yes,no,3,3,1,1,1,4,-1,5,17,17
53,GP,M,17,R,LE3,A,-3,2,services,other,home,mother,0,1,0,no,yes,yes,no,yes,yes,yes,yes,3,4,3,0,0,5,-2,-2,16,4
54,GP,M,15,U,LE3,T,4,3,services,services,course,other,1,1,0,no,yes,yes,yes,yes,yes,no,no,3,3,1,0,1,4,0,7,17,1
55,GP,M,16,U,GT3,T,0,1,at_home,services,home,mother,1,0,0,no,no,no,yes,yes,yes,yes,no,3,3,3,1,1,4,-1,5,17,4
56,GP,M,16,U,GT3,T,0,1,at_home,services,home,mother,1,0,0,no,no,no,yes,yes,yes,yes,no,4,3,4,1,0,2,1,3,22,12
57,GP,M,16,U,GT3,T,0,1,at_home,services,course,mother,1,0,0,no,no,no,yes,yes,yes,yes,no,3,2,3,1,1,4,-1,5,17,4
58,MS,F,16,R,LE3,T,-3,3,teacher,services,course,mother,1,2,0,no,no,no,yes,no,yes,yes,no,4,3,2,1,2,4,-2,21,17,17
59,GP,M,15,U,GT3,T,0,1,at_home,services,course,mother,1,0,0,no,yes,no,yes,yes,yes,yes,no,3,4,3,1,1,4,-1,5,17,17
60,GP,M,15,U,GT3,T,0,1,at_home,services,home,mother,1,0,0,no,yes,no,yes,yes,yes,yes,no,3,2,3,1,1,4,-1,5,22,4
61,MS,M,16,U,GT3,T,2,0,at_home,services,home,mother,1,1,0,no,no,no,yes,yes,yes,yes,no,3,2,4,1,1,4,-1,5,17,4
62,GP,M,16,U,GT3,T,0,2,at_home,services,home,mother,1,1,0,no,yes,no,yes,yes,yes,yes,no,3,2,3,1,1,4,-1,5,17,4
63,MS,M,17,U,GT3,T,3,1,at_home,services,course,other,1,1,0,no,yes,yes,yes,yes,yes,no,no,5,4,2,1,6,2,-1,17,3,17
64,GP,M,15,U,GT3,T,0,2,at_home,services,course,father,1,2,0,no,yes,no,yes,yes,yes,yes,no,4,2,0,1,0,2,-1,3,17,11
65,GP,M,17,U,GT3,T,3,1,at_home,services,home,mother,0,1,0,no,yes,no,no,yes,no,yes,no,0,6,4,1,2,2,0,19,21,14
66,MS,M,15,U,GT3,T,0,0,at_home,services,course,mother,1,1,0,no,yes,no,yes,yes,yes,no,no,2,4,3,1,1,4,-1,3,30,4
67,GP,F,16,U,GT3,T,0,1,at_home,services,course,mother,0,1,0,yes,no,yes,yes,yes,yes,yes,no,3,3,1,1,1,2,-1,21,17,4
68,GP,M,17,U,LE3,T,3,2,at_home,other,course,other,0,2,0,no,yes,yes,yes,yes,yes,yes,no,5,4,1,1,2,2,-2,17,4,5
69,GP,M,16,U,GT3,T,0,1,at_home,services,home,mother,1,0,0,no,yes,no,yes,yes,yes,yes,no,3,2,3,1,1,4,-1,5,22,4
70,GP,M,16,U,GT3,T,2,2,at_home,services,home,mother,0,0,0,no,no,no,yes,yes,yes,yes,no,3,2,3,1,1,4,-1,5,16,4
71,GP,M,16,U,GT3,T,0,2,at_home,services,home,mother,0,0,0,no,yes,no,yes,yes,yes,yes,no,3,2,4,1,1,4,-1,5,17,15
72,GP,M,16,U,GT3,T,2,1,at_home,services,home,mother,1,1,0,no,no,no,yes,yes,yes,yes,no,3,3,3,1,0,4,-1,5,17,4
73,MS,M,16,U,GT3,T,0,4,at_home,services,home,mother,2,1,0,no,yes,yes,yes,yes,yes,yes,no,3,4,3,1,1,1,-4,3,4,5
74,GP,M,16,U,GT3,T,0,2,at_home,services,course,mother,1,1,0,no,no,no,no,yes,yes,yes,no,3,2,3,1,1,4,-1,5,17,4
75,GP,M,15,U,GT3,T,3,1,at_home,other,home,mother,0,1,0,no,yes,no,no,yes,yes,yes,no,3,3,1,0,1,3,-1,20,17,4
76,GP,M,15,U,GT3,T,3,0,teacher,services,home,father,0,1,0,no,no,no,yes,yes,yes,yes,no,3,2,0,1,1,2,-1,3,17,4
77,GP,M,16,U,GT3,T,2,1,at_home,services,home,mother,1,0,0,no,no,no,yes,yes,yes,yes,no,3,2,3,1,1,4,-1,5,17,4
78,GP,M,16,R,LE3,A,3,0,at_home,other,other,father,2,2,0,no,no,no,no,yes,yes,yes,yes,3,2,3,0,3,2,-1,9,30,21
79,GP,F,14,U,GT3,T,4,1,services,services,home,mother,0,1,0,no,yes,no,yes,yes,yes,yes,no,4,4,2,1,0,4,1,5,17,17
80,GP,M,15,U,GT3,T,2,2,at_home,services,course,mother,1,0,0,no,yes,no,yes,yes,yes,yes,no,3,2,3,1,0,4,-1,5,17,1
81,MS,M,16,U,GT3,T,2,3,other,health,reputation,father,2,0,0,no,no,yes,yes,yes,yes,yes,no,4,2,3,7,1,3,-1,7,3,21
82,GP,M,16,U,GT3,T,2,2,at_home,services,home,mother,0,0,0,no,yes,no,yes,yes,yes,yes,no,3,2,3,1,1,4,-1,5,17,4
83,GP,M,16,U,GT3,T,0,1,at_home,services,home,mother,1,1,0,no,no,no,yes,yes,yes,yes,no,4,3,4,1,1,2,-1,5,22,4
84,GP,M,16,U,GT3,T,0,2,at_home,services,home,mother,1,1,0,no,no,no,yes,yes,yes,yes,no,3,2,3,1,1,4,-1,5,17,17
85,GP,M,16,U,GT3,T,0,1,at_home,services,home,mother,1,0,0,no,no,no,yes,yes,yes,yes,no,3,2,3,1,1,4,-1,5,17,4
86,GP,M,15,R,GT3,T,3,1,services,other,course,mother,0,2,0,no,yes,no,no,yes,yes,yes,no,4,3,3,0,2,3,1,21,19,17
87,GP,M,17,U,GT3,T,3,2,at_home,other,home,mother,1,2,0,no,yes,no,yes,yes,yes,yes,no,3,4,3,1,0,4,-1,5,17,17
88,MS,F,23,U,GT3,T,3,2,at_home,other,course,mother,0,1,0,no,yes,no,yes,yes,yes,yes,no,5,4,4,1,0,4,-2,5,17,4
89,MS,M,17,R,GT3,T,2,1,other,services,home,father,0,0,0,no,yes,no,no,yes,yes,yes,no,4,3,4,2,2,4,-1,5,17,4
90,MS,M,15,R,GT3,T,3,3,other,services,home,mother,0,2,0,no,yes,no,no,yes,yes,no,no,3,4,4,0,1,3,-1,21,19,4
91,GP,F,16,U,GT3,T,0,1,at_home,services,course,mother,1,1,0,no,yes,no,yes,yes,yes,yes,no,3,3,3,1,1,4,-1,5,17,17
92,GP,M,16,U,GT3,T,0,0,at_home,services,course,mother,1,1,0,no,no,no,yes,yes,yes,yes,no,3,2,3,1,1,2,-1,5,8,4
93,GP,M,14,U,GT3,T,0,4,at_home,services,home,mother,0,0,0,no,no,no,yes,yes,yes,yes,yes,4,2,3,1,2,4,-1,5,17,4
94,GP,F,16,U,GT3,T,2,1,at_home,services,home,mother,1,2,0,no,no,no,yes,yes,yes,yes,no,3,2,2,1,1,2,-1,5,17,17
95,MS,M,16,U,GT3,T,0,3,teacher,services,home,mother,1,1,0,no,yes,yes,yes,yes,yes,yes,no,-1,3,1,1,2,5,-1,5,15,1
96,GP,F,17,U,GT3,T,3,4,at_home,services,home,mother,1,1,0,no,yes,no,no,yes,yes,yes,no,4,2,3,1,1,2,-1,3,22,4
97,GP,M,16,U,GT3,T,2,1,at_home,services,course,mother,0,1,0,no,yes,no,yes,yes,yes,yes,no,3,2,4,1,0,4,-1,5,17,17
98,GP,M,16,R,GT3,T,3,3,at_home,other,home,father,1,5,0,no,no,no,yes,yes,yes,yes,no,-1,6,3,0,3,0,1,21,17,11
99,GP,M,17,U,LE3,T,0,1,at_home,services,course,mother,1,1,0,no,no,yes,no,yes,yes,yes,no,2,2,4,1,1,3,-4,5,4,-17
100,GP,M,16,U,GT3,T,2,2,at_home,services,course,mother,1,0,0,no,yes,no,yes,yes,yes,yes,no,3,2,3,1,1,4,-1,5,17,4
101,GP,M,16,U,GT3,T,0,2,at_home,services,reputation,mother,1,0,0,no,no,no,yes,yes,yes,yes,no,3,2,3,1,1,4,-1,5,13,4
102,GP,M,16,U,GT3,T,0,2,at_home,services,home,mother,0,1,0,no,yes,no,yes,yes,yes,yes,no,3,2,3,1,1,2,-1,3,22,17
103,MS,M,16,R,GT3,T,3,2,other,other,home,mother,1,2,0,no,no,yes,yes,yes,yes,no,no,4,2,5,0,1,4,1,24,22,4
104,GP,F,16,U,GT3,T,3,1,teacher,services,other,mother,1,3,0,yes,yes,no,no,no,yes,yes,no,4,3,4,1,1,3,7,17,15,22
105,GP,M,16,U,GT3,T,0,1,at_home,services,home,mother,0,0,0,no,no,no,yes,yes,yes,yes,yes,4,3,3,1,3,3,15,17,22,17
106,GP,M,16,U,GT3,T,0,2,at_home,services,course,mother,0,1,0,no,no,no,yes,yes,yes,yes,no,3,3,4,1,0,4,-1,5,17,4
107,GP,M,17,U,GT3,T,0,0,at_home,services,home,mother,0,2,0,no,yes,no,yes,yes,yes,yes,no,3,4,1,0,1,4,-1,5,22,4
108,GP,M,16,U,GT3,T,2,1,at_home,services,home,mother,1,1,0,no,no,no,yes,yes,yes,yes,no,3,3,3,1,1,4,-1,5,17,17
109,GP,M,15,U,GT3,T,0,1,at_home,services,home,mother,0,0,0,no,no,no,yes,yes,yes,yes,no,4,2,3,1,1,2,-1,5,4,17
110,GP,M,16,U,GT3,T,0,1,at_home,services,home,mother,1,1,0,no,no,no,yes,yes,yes,yes,no,3,3,3,1,1,4,-1,5,17,4
111,GP,M,16,U,GT3,T,1,1,at_home,services,home,mother,1,0,0,no,yes,no,yes,yes,yes,no,no,4,4,1,1,1,4,-1,7,17,17
112,MS,M,16,U,GT3,T,2,2,at_home,services,home,mother,0,1,0,no,yes,no,yes,yes,yes,yes,no,3,2,3,1,1,4,-1,5,17,4
113,GP,F,16,U,GT3,T,2,1,at_home,other,home,mother,0,2,0,no,no,no,yes,yes,yes,yes,no,3,4,3,1,1,4,-1,5,3,4
114,GP,F,16,U,GT3,T,0,1,teacher,services,home,father,0,2,0,no,yes,no,yes,yes,yes,yes,no,3,3,3,1,1,2,1,3,22,9
115,MS,M,15,U,LE3,T,2,3,at_home,services,course,mother,0,5,0,no,yes,no,yes,yes,yes,yes,no,5,3,2,0,1,5,7,5,14,21
116,GP,M,16,U,GT3,T,0,2,at_home,services,home,mother,1,1,0,no,yes,no,yes,yes,yes,yes,no,4,2,3,1,1,4,-1,3,22,4
117,GP,M,15,U,GT3,A,1,1,teacher,services,home,mother,1,0,1,yes,no,yes,yes,yes,yes,no,yes,3,4,0,0,2,3,1,5,3,17
118,MS,M,16,U,GT3,T,0,1,at_home,services,home,mother,0,1,0,no,no,no,yes,yes,yes,yes,no,3,4,4,1,1,2,-1,5,4,4
119,GP,M,16,U,GT3,T,0,1,at_home,services,reputation,mother,1,0,0,no,yes,no,yes,yes,yes,yes,no,3,3,3,1,1,2,-1,5,16,4
120,GP,M,16,U,GT3,T,0,2,at_home,services,home,mother,1,1,0,no,yes,no,yes,yes,yes,yes,no,3,3,3,1,1,4,-1,5,17,4
121,MS,M,23,U,GT3,T,1,3,health,other,course,mother,2,2,0,yes,no,yes,yes,yes,yes,no,no,5,4,1,1,6,4,7,6,17,17
122,MS,M,15,U,GT3,T,3,2,at_home,services,home,father,0,5,0,no,no,no,yes,yes,no,yes,yes,3,3,3,1,1,5,1,-2,4,4
123,GP,M,17,U,GT3,T,0,3,at_home,services,home,mother,1,1,0,no,no,no,yes,yes,yes,yes,no,4,2,4,1,0,3,-1,-2,22,4
124,GP,M,16,U,GT3,T,0,1,at_home,services,home,mother,1,0,0,no,yes,no,yes,yes,yes,yes,no,3,3,3,1,1,4,-1,5,17,4
125,GP,F,17,U,GT3,T,2,1,at_home,services,home,mother,1,1,0,no,no,no,yes,yes,yes,yes,no,3,4,2,1,2,4,-1,3,3,4
126,GP,M,16,U,GT3,T,2,1,teacher,services,home,other,0,2,0,no,yes,no,yes,yes,yes,no,no,4,4,4,4,1,4,7,5,19,1
127,GP,M,17,U,GT3,T,2,2,at_home,services,course,father,1,1,0,no,no,no,yes,yes,yes,yes,no,4,3,3,1,0,4,-1,12,22,6
128,GP,M,15,U,GT3,T,3,2,other,services,home,mother,1,2,0,no,no,no,yes,yes,yes,yes,yes,3,4,3,1,1,4,0,5,22,4
129,GP,M,16,U,GT3,T,2,2,at_home,services,reputation,mother,1,1,0,no,no,no,yes,yes,yes,yes,no,3,3,3,1,1,4,-1,5,17,4
130,GP,M,16,U,GT3,T,2,1,at_home,services,home,mother,1,1,0,no,yes,no,yes,yes,yes,yes,no,3,3,3,1,1,4,-1,5,17,17
131,GP,F,16,U,GT3,T,2,1,at_home,services,home,mother,0,0,0,no,yes,no,yes,yes,yes,yes,no,3,3,3,1,1,4,-1,5,17,4
132,GP,M,18,U,GT3,T,1,3,at_home,services,home,mother,0,2,0,no,yes,no,no,yes,no,no,no,4,2,4,1,0,0,-1,21,22,5
133,GP,M,15,U,GT3,T,0,1,teacher,services,home,mother,1,0,0,no,no,yes,yes,yes,no,yes,no,3,4,4,0,1,4,-2,21,17,7
134,GP,M,17,U,GT3,T,0,2,at_home,services,course,mother,0,1,0,no,no,no,yes,yes,yes,yes,no,3,3,4,1,0,4,-1,5,17,4
135,GP,M,15,U,GT3,T,0,0,at_home,services,course,mother,1,1,0,no,no,yes,no,yes,yes,yes,yes,3,3,3,1,1,2,-2,5,22,4
136,MS,M,16,R,GT3,T,1,1,other,services,course,other,0,1,0,yes,no,no,yes,yes,no,yes,no,3,3,0,0,6,2,-2,5,8,6
137,MS,F,15,U,GT3,A,1,1,teacher,services,home,father,4,3,0,no,no,no,no,no,yes,no,yes,4,3,3,1,0,0,7,3,17,1
138,GP,M,16,U,GT3,T,0,2,at_home,services,home,mother,0,1,0,no,no,no,yes,yes,yes,yes,no,4,2,4,0,1,4,-1,5,22,17
139,MS,M,15,U,GT3,A,1,1,other,services,course,mother,1,1,0,yes,no,no,yes,no,yes,yes,no,4,4,1,2,0,1,28,14,17,22
140,GP,M,15,U,GT3,T,0,1,at_home,services,home,mother,1,0,0,no,yes,no,yes,yes,yes,yes,no,3,2,3,1,1,4,-1,5,17,4
141,GP,M,18,U,GT3,T,0,3,at_home,services,home,mother,0,1,0,no,no,no,yes,yes,yes,yes,no,4,3,3,1,2,5,-1,3,17,4
142,GP,M,16,U,GT3,A,2,2,teacher,services,home,father,0,0,0,no,yes,no,no,yes,yes,yes,no,3,2,4,1,1,4,-1,5,17,7
143,GP,M,16,U,GT3,T,0,1,at_home,services,home,mother,1,0,0,no,no,no,yes,yes,yes,yes,no,3,3,0,1,1,4,-1,5,3,4
144,GP,M,16,U,GT3,T,2,2,at_home,services,home,father,1,1,0,no,no,no,yes,yes,yes,yes,no,3,2,3,1,0,4,-1,5,22,4
145,GP,F,16,U,GT3,T,2,1,at_home,services,home,mother,1,1,0,no,no,no,yes,yes,yes,yes,no,3,2,3,1,1,4,-1,5,17,4
146,GP,M,15,U,GT3,A,-2,1,at_home,other,home,mother,1,1,0,no,yes,no,no,yes,yes,yes,yes,-1,2,3,0,1,3,5,21,12,22
147,GP,M,23,U,GT3,T,0,3,services,services,home,mother,2,1,0,no,yes,no,no,yes,yes,no,yes,5,3,3,0,2,2,-1,6,22,6
148,GP,M,16,U,GT3,T,0,1,at_home,services,home,mother,1,0,0,no,yes,no,yes,yes,yes,yes,no,3,2,3,1,1,4,-1,5,17,4
149,GP,F,16,U,GT3,T,2,0,at_home,services,home,mother,1,1,0,no,yes,no,yes,yes,yes,yes,no,3,3,4,1,1,4,-2,5,17,17
150,GP,F,15,U,GT3,T,2,0,at_home,services,home,father,1,1,0,no,no,yes,yes,yes,yes,yes,no,3,4,2,0,6,4,-1,21,22,17
151,GP,M,17,U,GT3,T,2,3,teacher,services,other,mother,1,1,0,no,no,yes,yes,no,no,yes,no,2,2,2,0,2,2,-1,3,22,21
152,GP,M,16,U,GT3,T,2,2,at_home,services,home,mother,1,1,0,no,no,no,yes,yes,yes,yes,no,3,2,3,1,1,4,-1,5,17,4
153,GP,F,14,U,GT3,T,3,3,teacher,services,home,mother,1,1,0,yes,no,no,yes,yes,yes,yes,yes,3,4,4,1,6,2,-1,3,22,17
154,GP,M,16,U,GT3,T,0,0,at_home,services,course,mother,2,1,0,no,yes,no,yes,yes,yes,yes,no,4,2,1,1,1,2,-1,4,17,4
155,MS,F,17,R,GT3,T,4,1,services,other,course,father,1,2,0,no,yes,no,no,no,yes,yes,no,4,0,5,1,0,4,-1,5,17,17
156,MS,F,22,U,GT3,A,1,1,other,services,course,mother,1,0,0,yes,yes,yes,yes,yes,yes,yes,no,5,3,2,1,6,4,-4,5,9,21
157,MS,F,16,U,GT3,T,4,2,at_home,services,course,mother,0,0,0,no,no,no,no,yes,yes,yes,no,4,2,3,1,0,4,-1,5,17,4
158,MS,F,16,U,GT3,T,3,2,at_home,services,course,mother,1,1,0,no,no,yes,yes,yes,yes,yes,no,3,2,2,1,1,4,-1,5,3,4
159,GP,M,15,U,GT3,T,2,1,at_home,services,course,mother,1,0,0,no,no,no,yes,yes,yes,yes,no,4,3,3,1,1,4,-1,5,17,4
160,GP,F,15,U,GT3,T,0,0,at_home,other,home,father,1,0,0,no,no,no,yes,yes,yes,yes,no,4,3,4,1,1,2,-1,3,22,4
161,GP,M,17,U,GT3,T,0,1,at_home,services,course,mother,0,0,0,no,yes,yes,yes,yes,yes,yes,no,3,4,3,1,1,2,0,21,17,21
162,GP,M,15,R,LE3,T,3,1,at_home,services,course,mother,1,2,0,no,yes,yes,yes,yes,yes,no,no,4,4,1,4,0,4,1,6,17,6
163,GP,M,16,U,GT3,T,3,2,at_home,services,home,mother,0,1,0,no,yes,no,no,yes,yes,yes,no,3,4,3,0,1,4,-4,13,22,4
164,MS,M,15,U,GT3,T,3,1,other,other,home,other,0,0,0,no,yes,no,yes,yes,yes,yes,no,4,4,3,1,1,4,-2,3,22,6
165,MS,M,16,U,GT3,T,0,2,teacher,other,course,father,0,1,0,no,no,no,yes,yes,yes,yes,no,4,3,1,0,2,2,-1,8,22,13
166,GP,M,14,U,GT3,T,3,2,at_home,services,other,other,1,1,0,no,no,no,yes,yes,yes,yes,no,5,2,2,1,2,0,-2,3,4,6
167,GP,M,14,U,GT3,T,0,1,at_home,services,home,mother,0,0,0,no,yes,no,yes,yes,yes,yes,no,3,3,3,1,3,4,-1,5,22,17
168,GP,M,16,U,GT3,T,0,1,at_home,services,home,mother,1,1,0,no,yes,no,yes,yes,yes,yes,no,3,2,3,1,1,4,-1,5,17,4
169,GP,M,16,U,GT3,T,0,1,at_home,services,course,mother,1,1,0,no,no,no,yes,yes,yes,yes,no,3,2,3,1,1,4,-1,5,17,4
170,GP,M,16,U,GT3,T,0,2,at_home,services,course,mother,1,1,0,no,no,no,yes,yes,yes,yes,no,3,3,3,1,1,4,-1,5,17,4
171,GP,M,18,U,GT3,T,3,1,other,other,course,mother,0,2,0,no,no,no,no,yes,yes,no,no,5,2,4,1,1,4,-1,17,19,6
172,GP,F,15,U,GT3,T,3,3,at_home,services,home,mother,0,1,0,no,yes,no,no,no,yes,no,no,4,3,4,1,0,3,1,-2,11,17
173,GP,M,16,U,GT3,T,0,2,at_home,services,home,mother,1,1,0,no,no,no,yes,yes,yes,yes,no,3,3,4,1,1,4,-1,5,17,4
174,GP,M,15,U,GT3,T,0,2,at_home,other,course,mother,1,0,0,no,yes,no,yes,yes,yes,yes,no,3,3,3,0,1,2,-1,5,22,17
175,GP,M,17,U,GT3,T,3,0,at_home,services,course,mother,0,0,0,no,no,no,yes,no,yes,yes,no,3,2,1,0,2,4,1,5,3,17
176,MS,M,15,U,GT3,T,3,0,other,services,course,mother,0,1,0,no,yes,yes,yes,yes,yes,yes,no,4,4,2,1,1,4,-2,-2,17,4
177,GP,F,16,U,GT3,T,0,2,at_home,services,home,mother,0,0,0,no,yes,no,yes,yes,yes,yes,no,3,4,3,1,1,2,-1,5,17,5
178,MS,M,17,R,GT3,T,3,3,other,services,home,mother,1,5,0,no,no,no,yes,yes,yes,yes,yes,3,4,2,1,1,0,-1,3,22,6
179,GP,F,15,U,LE3,T,2,2,services,services,home,mother,1,2,1,no,no,no,no,no,yes,yes,yes,4,3,4,0,2,3,1,10,22,18
180,GP,F,17,U,GT3,T,1,1,services,other,home,mother,1,1,0,no,yes,no,yes,yes,yes,yes,yes,4,4,5,1,1,4,-1,5,14,8
181,GP,M,15,U,GT3,T,0,1,at_home,services,home,mother,0,1,0,no,yes,no,yes,yes,yes,yes,no,3,2,3,1,1,4,-1,5,17,4
182,GP,M,16,U,GT3,T,0,1,at_home,services,home,mother,1,1,0,no,no,no,yes,yes,yes,yes,no,3,2,3,1,1,4,-1,5,22,4
183,GP,M,17,U,GT3,T,1,3,other,services,course,father,0,1,0,no,no,no,yes,yes,yes,yes,no,4,3,2,0,6,0,1,3,7,16
184,GP,M,16,U,GT3,T,0,1,at_home,services,home,mother,1,1,0,no,yes,no,yes,yes,yes,yes,no,3,2,3,1,1,4,-1,5,17,4
185,MS,F,15,U,GT3,T,3,2,at_home,other,home,father,0,1,0,no,no,yes,no,yes,yes,no,no,3,3,3,1,0,0,-1,5,17,4
186,GP,F,16,U,GT3,T,2,1,at_home,services,home,mother,0,2,0,no,yes,no,yes,yes,yes,no,no,5,4,4,1,1,4,-1,16,17,21
187,GP,M,17,U,GT3,T,0,1,at_home,services,course,mother,1,1,0,no,yes,no,yes,yes,yes,yes,no,3,3,0,1,1,4,-1,3,17,17
188,GP,M,17,U,GT3,T,3,1,at_home,services,home,mother,0,1,0,no,yes,no,yes,yes,no,yes,no,3,3,4,1,1,3,-1,5,22,1
189,GP,M,16,U,GT3,T,2,1,at_home,services,home,mother,1,1,0,no,no,no,yes,yes,yes,yes,no,3,2,3,1,1,4,-1,5,22,6
190,MS,M,15,U,GT3,T,0,1,at_home,services,course,mother,0,0,0,no,yes,no,yes,yes,yes,yes,no,3,2,3,1,1,4,-1,5,17,17
191,GP,M,16,U,GT3,T,0,2,at_home,services,home,mother,1,1,0,no,yes,no,yes,yes,yes,yes,no,4,2,4,1,1,4,-1,5,22,4
192,MS,M,16,U,GT3,T,0,2,at_home,services,course,mother,1,0,0,no,no,no,yes,yes,yes,yes,no,3,3,3,1,1,4,-1,3,17,1
193,GP,M,16,U,GT3,T,0,1,at_home,services,home,mother,1,1,0,no,no,no,yes,yes,yes,yes,no,3,2,3,1,1,4,-1,5,22,4
194,GP,M,16,U,GT3,T,0,2,other,services,home,mother,1,0,0,no,yes,no,yes,yes,yes,yes,no,3,4,3,1,1,4,-1,5,21,6
195,GP,M,18,U,GT3,T,0,1,at_home,services,home,mother,1,2,0,no,yes,no,yes,yes,yes,yes,no,4,4,4,1,0,4,-1,-2,22,21
196,GP,M,16,U,GT3,T,3,3,at_home,services,home,other,1,5,0,no,no,no,no,yes,no,yes,no,3,2,3,1,1,3,-1,17,3,2
197,GP,M,16,U,GT3,T,0,2,at_home,services,home,mother,1,0,0,no,no,no,yes,yes,yes,yes,no,3,4,3,1,0,4,-1,5,22,4
198,GP,M,17,U,GT3,T,2,1,at_home,services,home,mother,1,0,0,no,no,no,yes,yes,yes,yes,no,3,2,3,1,1,4,-1,5,17,4
199,GP,F,15,U,GT3,T,2,2,services,services,home,other,0,3,0,no,no,no,yes,yes,yes,no,no,4,2,3,0,3,5,7,21,16,17
200,GP,M,16,U,GT3,T,0,1,at_home,services,home,mother,1,1,0,no,no,no,yes,yes,yes,yes,no,3,2,3,1,0,4,-1,5,17,4
201,GP,M,17,U,GT3,T,3,2,at_home,services,home,father,0,1,0,no,yes,no,yes,yes,yes,yes,no,4,3,4,1,1,2,-1,3,22,4
202,GP,M,17,U,GT3,T,2,1,at_home,services,home,mother,1,0,0,no,no,no,yes,yes,yes,yes,no,3,3,3,1,1,3,-1,5,17,15
203,MS,F,15,U,LE3,T,1,4,services,other,course,father,1,2,1,no,no,no,yes,yes,no,no,yes,5,0,5,2,6,2,7,17,30,22
204,GP,F,16,U,GT3,T,0,1,at_home,services,course,mother,1,2,0,no,yes,yes,yes,yes,yes,yes,no,3,3,3,1,0,2,-1,5,3,5
205,GP,M,14,U,GT3,T,3,1,at_home,services,course,other,1,2,0,yes,yes,yes,no,yes,yes,yes,no,4,2,2,7,2,2,1,17,22,22
206,GP,M,15,U,LE3,T,3,0,other,services,course,mother,0,2,0,no,yes,no,no,yes,yes,yes,no,5,3,2,1,1,4,-3,21,19,17
207,MS,M,14,U,GT3,T,3,3,teacher,services,course,mother,0,0,0,no,yes,no,no,yes,yes,yes,no,3,2,3,1,4,2,-1,15,17,11
208,MS,F,14,U,GT3,T,2,1,teacher,services,home,other,0,1,0,no,yes,no,yes,yes,yes,yes,no,3,4,0,2,0,4,15,3,22,5
209,GP,M,16,U,GT3,T,0,0,at_home,services,home,mother,0,0,0,no,yes,no,yes,yes,yes,yes,no,3,3,3,1,1,2,-1,5,17,17
210,GP,M,15,U,LE3,T,3,4,at_home,services,course,mother,1,1,0,no,yes,no,no,yes,yes,yes,yes,-1,3,3,0,2,3,1,5,22,17
211,GP,M,16,U,GT3,T,2,1,at_home,services,home,mother,1,0,0,no,yes,no,yes,yes,yes,yes,no,3,2,3,1,1,4,-1,5,17,11
212,MS,F,15,U,GT3,T,1,0,at_home,other,course,mother,1,1,1,no,yes,no,yes,yes,yes,yes,no,4,2,4,1,3,4,-1,5,17,17
213,MS,M,15,R,LE3,A,3,3,teacher,services,course,mother,1,2,0,yes,yes,no,no,no,yes,yes,yes,4,2,3,0,2,4,-4,5,19,2
214,GP,M,16,U,GT3,T,2,1,at_home,services,home,mother,0,0,0,no,no,no,yes,yes,yes,yes,no,3,2,3,1,1,4,-1,5,17,5
215,GP,M,16,U,GT3,T,0,2,at_home,services,course,mother,0,2,0,no,yes,no,yes,yes,yes,yes,no,3,2,4,1,0,2,-1,5,22,4
216,GP,M,17,U,GT3,T,1,1,at_home,services,home,mother,0,1,0,no,no,no,yes,yes,yes,yes,no,3,4,4,1,0,4,-2,5,17,17
217,GP,M,17,U,GT3,T,2,1,at_home,services,home,mother,1,1,0,no,no,no,yes,yes,yes,yes,no,4,4,0,1,2,4,-1,5,3,17
218,MS,M,17,U,GT3,T,2,1,at_home,services,other,other,1,2,0,yes,no,yes,yes,no,yes,yes,yes,4,2,2,0,0,3,1,5,3,7
219,GP,M,16,U,GT3,T,0,1,at_home,services,home,mother,1,1,0,no,yes,no,yes,yes,yes,yes,no,3,2,3,1,1,2,-1,5,22,5
220,MS,M,15,U,LE3,T,0,4,teacher,at_home,course,mother,1,3,0,yes,no,yes,yes,no,no,yes,no,3,6,1,3,0,2,0,-2,3,21
221,GP,M,17,U,GT3,T,0,1,at_home,services,home,mother,0,1,0,no,no,no,yes,yes,yes,yes,no,3,2,4,1,1,4,-1,5,22,4
222,GP,F,18,U,LE3,A,3,0,other,services,home,father,2,1,0,no,no,yes,no,yes,yes,no,no,4,6,3,0,0,4,15,18,15,17
223,GP,M,16,U,GT3,T,1,3,at_home,other,reputation,mother,1,5,0,no,yes,no,yes,yes,yes,yes,no,4,3,4,2,0,4,-1,10,17,21
224,GP,M,16,U,GT3,T,0,1,at_home,services,home,mother,1,1,0,no,no,no,yes,yes,yes,yes,no,3,2,3,1,1,4,-1,5,17,4
225,GP,M,17,U,GT3,T,0,1,teacher,services,course,mother,1,1,0,no,no,no,yes,yes,yes,yes,no,4,0,4,0,3,3,-1,21,3,26
226,GP,M,17,U,GT3,A,1,1,other,other,home,mother,1,3,0,yes,no,yes,no,no,yes,no,no,4,2,2,2,2,2,7,21,3,20
227,GP,M,16,U,GT3,T,0,2,at_home,services,home,mother,1,0,0,no,yes,no,yes,yes,yes,yes,no,3,3,3,1,1,4,-1,5,17,4
228,GP,F,17,U,GT3,T,0,2,at_home,services,course,father,1,1,0,no,no,no,yes,yes,yes,yes,no,3,2,4,1,0,4,-1,5,17,4
229,GP,M,16,U,GT3,T,0,1,at_home,services,home,mother,1,1,0,no,no,no,yes,yes,yes,yes,no,3,2,3,1,1,4,-1,5,17,4
230,GP,M,16,U,GT3,T,0,2,other,other,home,mother,1,0,0,no,yes,yes,yes,no,yes,yes,no,4,3,3,0,0,4,-2,3,11,4
231,GP,M,14,R,GT3,T,1,4,teacher,services,reputation,mother,0,2,0,no,no,no,yes,yes,yes,yes,no,5,3,2,0,0,2,7,17,3,21
232,GP,F,16,U,LE3,T,2,-3,teacher,other,home,other,1,0,0,yes,yes,yes,yes,no,yes,yes,no,4,3,0,1,1,3,0,5,17,17
233,MS,M,17,U,GT3,T,3,2,at_home,services,other,mother,1,2,0,no,no,no,no,yes,yes,yes,yes,4,2,2,0,1,2,0,5,22,17
234,MS,M,15,U,LE3,T,3,1,teacher,services,course,mother,0,1,0,no,yes,no,yes,yes,yes,yes,no,4,3,3,0,6,2,-1,5,22,22
235,GP,M,16,U,GT3,T,2,1,at_home,services,home,mother,1,0,0,no,yes,no,yes,yes,yes,yes,no,3,3,1,1,1,4,-1,5,15,4
236,MS,M,16,U,GT3,A,2,0,other,at_home,home,mother,1,2,0,yes,yes,yes,yes,no,yes,yes,no,4,2,3,2,2,3,1,-2,17,22
237,MS,M,18,U,GT3,T,0,1,at_home,services,home,mother,0,1,0,no,no,no,yes,yes,yes,yes,no,3,4,3,1,1,4,-4,5,19,4
238,GP,F,16,U,GT3,T,3,1,at_home,services,home,mother,0,2,0,no,no,no,yes,yes,yes,yes,no,3,4,4,1,1,2,-1,5,17,17
239,GP,M,16,U,GT3,T,0,2,at_home,services,course,mother,1,1,0,no,no,no,yes,yes,yes,yes,no,4,3,3,1,1,2,0,5,4,5
240,GP,M,17,U,GT3,T,2,0,at_home,services,home,mother,1,1,0,no,yes,no,yes,yes,yes,yes,no,4,2,2,1,1,4,-1,5,3,8
241,GP,M,17,U,GT3,T,2,1,at_home,services,home,father,0,2,0,no,no,no,yes,yes,yes,yes,no,3,4,3,1,0,3,-1,5,10,4
242,GP,M,16,U,GT3,T,0,1,at_home,services,home,mother,0,0,0,no,no,no,yes,yes,yes,yes,no,3,4,3,1,1,4,-1,5,17,12
243,GP,M,16,U,GT3,T,0,1,at_home,services,home,mother,1,1,0,no,no,no,yes,yes,yes,yes,no,3,3,3,1,1,4,-1,5,22,4
244,GP,M,16,U,GT3,T,2,2,at_home,services,home,mother,0,1,0,no,no,no,yes,yes,yes,yes,no,3,2,3,1,1,4,-1,5,22,4
245,GP,M,17,U,GT3,A,3,2,at_home,other,home,mother,1,2,0,no,yes,no,no,yes,yes,yes,yes,4,4,4,2,0,2,12,-2,3,2
246,GP,M,15,U,GT3,T,0,1,teacher,services,course,mother,1,2,0,no,yes,no,yes,yes,yes,yes,no,3,3,3,1,1,4,-1,5,22,4
247,MS,F,17,U,GT3,T,4,2,at_home,other,course,other,0,1,0,no,yes,no,yes,no,yes,yes,yes,3,3,2,0,2,2,-1,4,17,14
248,GP,M,15,U,GT3,T,2,2,at_home,services,home,mother,0,0,0,no,yes,no,yes,yes,yes,yes,no,3,2,4,1,0,4,-1,5,17,14
249,GP,M,15,U,GT3,T,3,3,other,other,home,mother,1,2,0,no,yes,yes,yes,yes,yes,no,no,4,3,3,1,1,3,-1,5,15,1
250,GP,F,15,U,GT3,T,2,2,other,other,course,other,0,2,0,no,yes,no,no,yes,yes,no,yes,5,2,4,1,0,2,7,21,17,18
251,GP,M,16,U,GT3,T,0,1,at_home,services,home,mother,0,0,0,no,yes,no,yes,yes,yes,yes,no,3,4,3,1,1,4,-1,5,17,4
252,GP,M,14,U,GT3,T,0,2,at_home,services,home,mother,0,0,0,no,yes,no,yes,yes,yes,yes,no,4,4,3,1,0,3,-1,5,3,7
253,GP,M,16,U,GT3,T,0,1,at_home,services,reputation,mother,1,0,0,no,no,no,yes,yes,yes,yes,no,3,2,3,1,1,4,-1,5,17,4
254,GP,M,15,U,GT3,T,2,1,at_home,services,home,mother,1,1,0,no,yes,no,yes,yes,yes,yes,no,3,3,0,1,0,4,-1,5,17,4
255,GP,F,15,U,GT3,T,0,1,at_home,services,home,mother,0,0,0,no,no,no,yes,yes,yes,yes,no,3,3,2,0,2,4,-1,5,17,17
256,MS,M,16,U,GT3,T,3,1,at_home,services,home,father,1,2,0,no,yes,yes,yes,yes,no,yes,no,4,2,4,2,1,3,-1,8,3,4
257,GP,M,17,U,LE3,T,2,0,at_home,services,home,mother,0,0,0,no,yes,no,yes,yes,yes,yes,no,3,4,4,1,0,2,0,5,22,17
258,GP,M,16,U,GT3,T,0,2,at_home,services,home,mother,0,1,0,no,no,no,yes,yes,yes,yes,no,4,3,3,1,1,4,-1,5,22,4
259,GP,M,16,U,GT3,T,0,1,at_home,services,home,mother,1,1,0,no,yes,no,yes,yes,yes,yes,no,3,2,3,1,1,4,-1,5,22,4
260,GP,M,17,U,GT3,A,0,3,other,services,home,mother,0,1,0,no,yes,no,yes,yes,yes,yes,no,4,4,3,1,0,4,-1,5,17,17
261,MS,M,23,U,GT3,T,1,0,at_home,other,course,mother,1,5,0,no,no,no,yes,yes,yes,no,no,3,2,3,0,1,5,1,5,17,17
262,GP,M,16,U,GT3,T,0,1,at_home,services,home,mother,1,1,0,no,no,no,yes,yes,yes,yes,no,3,3,3,1,1,4,-1,5,17,4
263,GP,M,17,U,GT3,T,0,1,at_home,services,home,mother,0,0,0,no,no,no,no,yes,yes,yes,no,3,2,3,1,3,4,-1,5,4,4
264,GP,M,15,U,GT3,T,0,1,at_home,services,course,mother,0,0,0,no,no,no,yes,yes,yes,yes,no,3,3,3,1,1,4,-1,5,17,4
265,GP,M,16,U,GT3,T,2,2,at_home,services,home,mother,0,0,0,no,no,no,yes,yes,yes,yes,no,3,3,3,1,1,4,-1,5,22,4
266,GP,M,15,U,GT3,T,1,0,at_home,services,course,mother,0,0,0,no,yes,no,yes,yes,yes,yes,no,3,4,2,1,1,4,-1,6,9,17
267,GP,F,16,U,GT3,T,1,0,at_home,services,course,mother,0,0,0,no,yes,yes,yes,yes,yes,no,no,2,3,4,1,0,5,-1,11,17,14
268,GP,M,17,U,GT3,T,0,2,teacher,services,course,father,1,0,0,no,yes,no,yes,yes,yes,yes,no,3,2,4,1,0,4,-1,5,17,4
269,GP,M,15,U,GT3,T,3,3,at_home,other,home,other,0,5,0,no,no,no,no,yes,yes,no,no,4,3,4,1,1,3,-2,21,3,16
270,MS,M,15,U,GT3,T,2,2,at_home,other,home,father,2,0,0,no,yes,no,no,yes,yes,yes,no,2,3,2,0,2,2,-1,24,9,5
271,MS,M,15,U,GT3,T,0,3,at_home,services,course,mother,1,1,0,no,no,no,yes,yes,yes,no,no,4,2,3,0,3,3,-1,5,3,4
272,MS,M,16,U,LE3,T,2,2,at_home,services,home,mother,0,1,0,no,no,no,yes,yes,yes,yes,no,3,3,3,1,1,4,-1,5,5,17
273,MS,F,15,U,GT3,T,2,1,at_home,services,home,mother,0,2,0,no,yes,no,yes,yes,yes,yes,no,4,3,3,1,1,4,-1,5,17,17
274,GP,M,17,R,GT3,T,3,2,at_home,other,course,father,1,1,0,no,no,no,no,yes,yes,yes,no,3,2,4,1,0,0,-1,21,17,6
275,GP,M,16,U,GT3,T,0,2,at_home,services,course,mother,1,0,0,no,yes,no,yes,yes,yes,yes,no,4,3,3,1,1,4,-1,5,22,17
276,GP,M,15,U,GT3,T,0,2,at_home,services,course,father,0,2,0,no,no,no,yes,yes,yes,yes,no,3,4,3,1,2,4,-1,5,17,13
277,GP,M,16,U,GT3,T,0,1,at_home,services,home,mother,0,1,0,no,no,no,yes,yes,yes,yes,no,3,2,3,1,1,4,-1,5,17,4
278,GP,M,15,U,GT3,A,3,3,at_home,services,course,mother,0,1,0,no,yes,no,yes,yes,yes,yes,no,4,1,4,1,2,2,0,5,12,21
279,MS,F,15,R,LE3,T,4,2,at_home,services,home,mother,1,3,1,yes,no,no,no,yes,yes,no,yes,4,4,2,0,2,5,7,5,19,5
280,MS,F,16,U,GT3,T,0,0,teacher,services,home,mother,0,1,0,no,yes,no,yes,yes,yes,no,no,3,3,3,1,1,2,-1,5,14,16
281,MS,M,15,U,GT3,T,2,1,at_home,services,home,father,0,1,0,no,yes,no,yes,yes,yes,yes,no,3,6,0,1,0,2,0,3,22,17
282,GP,M,16,U,GT3,T,0,1,at_home,services,course,mother,1,0,0,no,no,no,yes,yes,yes,yes,no,3,2,3,1,1,4,-1,5,17,4
283,GP,M,16,U,GT3,T,0,1,at_home,services,home,mother,1,1,0,no,yes,no,yes,yes,yes,yes,no,3,3,3,1,1,4,-1,5,17,4
284,GP,M,16,U,GT3,T,0,1,at_home,services,course,mother,1,1,0,no,no,no,yes,yes,yes,yes,no,3,2,0,1,1,4,-1,5,17,13
285,GP,M,16,U,GT3,T,0,1,at_home,services,home,mother,1,1,0,no,yes,no,yes,yes,yes,yes,no,3,2,3,1,1,4,-1,5,17,4
286,GP,M,16,U,GT3,T,0,1,at_home,services,home,mother,1,1,0,no,yes,no,yes,yes,yes,yes,no,3,3,3,1,1,4,-1,5,17,4
287,MS,M,16,U,GT3,T,1,1,at_home,services,home,mother,1,3,0,no,yes,no,yes,yes,no,yes,no,4,3,4,0,0,3,28,5,22,22
288,GP,F,16,U,LE3,T,4,2,at_home,services,course,father,0,2,0,yes,no,no,yes,yes,yes,yes,no,4,3,2,2,2,3,4,7,22,11
289,GP,M,15,U,GT3,T,0,1,at_home,services,home,mother,1,1,0,no,yes,no,yes,yes,yes,yes,no,3,2,3,1,1,4,-1,5,17,15
290,GP,F,17,U,GT3,T,2,1,at_home,services,home,mother,1,1,0,no,yes,no,yes,yes,yes,yes,no,3,3,3,1,0,4,-1,5,17,4
291,GP,F,14,U,GT3,T,0,2,at_home,other,course,other,0,5,0,no,no,no,yes,yes,yes,yes,no,3,3,4,0,3,3,1,13,22,22
292,MS,M,15,U,GT3,T,3,0,at_home,services,course,father,2,0,0,no,no,no,yes,yes,yes,yes,no,4,2,2,2,1,4,-1,5,17,4
293,MS,F,16,U,GT3,T,2,2,at_home,other,home,mother,0,2,0,no,yes,no,no,yes,yes,yes,no,3,4,0,1,0,3,-2,13,17,4
294,GP,M,16,U,GT3,T,2,2,at_home,services,home,mother,1,1,0,no,no,no,yes,yes,yes,yes,no,2,2,4,1,1,4,-1,5,17,7
295,GP,M,17,U,GT3,T,3,2,at_home,services,home,father,1,1,0,no,no,no,no,yes,yes,yes,no,3,2,3,1,1,4,-1,5,22,17
296,MS,M,15,U,GT3,T,0,1,other,services,reputation,mother,0,0,0,no,no,no,yes,yes,yes,yes,no,5,3,4,1,1,4,0,5,17,17
297,GP,M,16,U,GT3,T,0,1,at_home,services,home,mother,0,1,0,no,no,no,yes,yes,yes,yes,no,3,2,3,1,1,4,-1,5,17,4
298,GP,M,16,U,GT3,T,0,2,at_home,other,course,mother,1,1,0,no,no,no,yes,yes,yes,yes,no,3,3,4,1,6,4,-1,5,17,4
299,GP,M,17,U,GT3,T,3,2,at_home,services,course,mother,1,0,0,no,no,no,yes,yes,yes,yes,no,3,3,2,1,1,4,-1,5,17,5
300,MS,M,14,U,GT3,T,4,4,other,services,other,mother,0,2,0,no,no,yes,yes,yes,yes,no,no,5,1,4,2,2,4,-2,21,22,22
301,GP,M,16,U,GT3,T,0,0,at_home,services,home,mother,0,0,0,no,yes,no,yes,yes,yes,yes,no,3,4,4,1,0,4,-1,5,22,17
302,GP,M,16,U,GT3,T,2,1,at_home,services,home,father,1,0,0,no,no,no,yes,yes,yes,yes,no,3,3,2,1,1,4,-1,3,22,6
303,MS,M,17,U,LE3,T,2,4,at_home,services,course,mother,0,2,0,no,yes,yes,yes,no,no,yes,no,4,3,4,2,1,3,-2,19,6,22
304,GP,M,16,U,GT3,T,0,1,teacher,services,home,mother,1,1,0,no,no,no,no,yes,yes,yes,no,3,1,3,1,0,3,-1,5,17,6
305,GP,M,16,U,GT3,T,0,2,at_home,services,course,mother,1,0,0,no,no,no,yes,yes,yes,yes,no,3,2,3,1,1,4,-1,5,17,4
306,GP,F,15,U,GT3,T,0,1,at_home,services,course,father,2,0,0,no,no,no,yes,no,yes,yes,yes,5,1,1,4,1,2,-1,5,17,4
307,GP,M,16,U,GT3,T,0,0,at_home,services,home,mother,0,0,0,no,yes,no,yes,yes,yes,yes,no,4,3,3,1,0,4,-1,5,22,17
308,GP,F,14,U,LE3,T,1,2,other,services,home,other,0,0,0,no,yes,yes,yes,yes,yes,yes,no,4,3,4,0,2,4,1,21,17,17
309,MS,M,16,U,GT3,T,3,2,at_home,services,course,father,1,2,0,no,yes,yes,yes,yes,yes,yes,no,4,2,5,0,6,3,-1,20,17,1
310,GP,M,16,U,GT3,T,0,2,at_home,services,home,mother,1,1,0,no,no,no,yes,yes,yes,yes,no,3,2,3,1,1,4,-1,5,17,4
311,GP,M,16,U,GT3,T,2,2,at_home,services,reputation,mother,1,1,0,no,yes,no,yes,yes,yes,yes,no,3,2,3,1,1,4,-1,5,17,4
312,GP,F,15,U,GT3,T,4,2,teacher,services,home,mother,0,2,0,no,no,no,yes,yes,yes,yes,no,5,2,4,1,2,4,-1,5,17,4
313,GP,M,16,U,GT3,T,3,3,at_home,services,course,mother,0,1,0,no,yes,yes,yes,yes,yes,yes,no,4,4,2,1,1,4,0,3,13,6
314,GP,M,15,U,GT3,T,4,3,teacher,other,home,mother,1,3,0,no,yes,no,no,no,yes,yes,no,4,4,3,7,0,2,1,-2,5,21
315,MS,M,14,U,GT3,T,2,3,at_home,other,course,father,1,2,0,no,yes,yes,yes,yes,yes,yes,no,5,3,4,1,2,4,-2,3,17,12
316,GP,M,17,U,GT3,T,4,2,at_home,services,home,mother,0,0,0,no,no,no,no,yes,yes,yes,yes,2,2,3,0,2,4,-2,5,17,4
317,GP,M,16,U,GT3,T,0,1,at_home,services,home,mother,1,1,0,no,yes,no,yes,yes,yes,yes,no,3,3,3,1,1,4,-1,5,22,4
318,GP,F,17,U,LE3,T,1,1,services,at_home,course,mother,1,2,0,no,yes,yes,no,yes,yes,yes,no,4,0,4,2,3,2,1,7,17,22
319,MS,M,22,U,GT3,T,3,0,at_home,services,course,mother,1,1,0,no,no,no,yes,yes,yes,yes,no,3,3,3,1,2,2,-1,5,3,14
320,MS,M,15,U,GT3,T,0,0,services,other,course,mother,2,1,0,no,no,no,yes,no,yes,yes,no,5,4,1,1,6,3,0,5,4,21
321,GP,F,16,U,GT3,T,4,1,other,services,home,mother,1,2,0,no,yes,yes,no,no,yes,no,no,3,3,3,1,0,4,7,19,17,17
322,GP,M,16,U,GT3,T,0,2,at_home,services,home,mother,0,0,0,no,yes,no,yes,yes,yes,yes,no,5,3,3,1,0,3,-1,5,22,4
323,GP,M,16,U,GT3,T,0,1,at_home,services,home,mother,1,0,0,no,yes,no,yes,yes,yes,yes,no,3,2,3,1,1,4,-1,5,17,4
324,GP,M,16,U,GT3,T,3,2,at_home,services,course,mother,0,1,0,no,no,no,yes,yes,yes,yes,no,3,3,3,1,0,4,-1,5,17,17
325,GP,M,16,U,GT3,T,0,1,at_home,services,course,mother,1,1,0,no,yes,no,yes,yes,yes,yes,no,3,3,4,1,1,4,-1,5,22,4
326,GP,M,15,U,GT3,T,2,4,at_home,other,home,father,1,2,1,yes,yes,no,no,yes,no,no,no,5,1,4,1,6,0,0,21,4,22
327,GP,M,14,U,GT3,T,0,0,other,services,course,mother,1,0,0,no,yes,yes,no,yes,yes,yes,no,3,3,1,1,1,3,-2,5,3,4
328,GP,M,16,U,GT3,T,0,1,teacher,services,home,mother,0,0,0,no,no,yes,yes,yes,yes,yes,no,3,4,0,1,1,4,-1,5,4,4
329,GP,M,16,U,GT3,T,0,2,at_home,services,home,mother,0,0,0,no,yes,no,yes,yes,yes,yes,no,3,3,3,1,1,4,-1,5,17,4
330,GP,M,16,U,GT3,T,2,2,at_home,services,home,father,0,2,0,no,yes,no,yes,yes,yes,yes,no,3,2,4,1,0,4,-1,5,22,4
331,MS,M,17,U,GT3,T,3,3,health,services,home,other,1,1,1,no,no,no,yes,no,yes,no,yes,5,4,2,4,2,3,5,19,22,15
332,GP,M,16,U,GT3,T,0,1,other,services,home,other,1,1,0,no,no,no,yes,no,yes,yes,no,3,3,0,1,1,4,-1,5,15,4
333,GP,F,15,U,GT3,T,3,1,at_home,services,home,father,1,2,0,no,no,no,no,yes,yes,yes,yes,3,2,3,1,6,0,-1,5,5,4
334,GP,M,23,U,GT3,T,3,2,other,other,home,mother,1,2,1,no,yes,no,no,yes,yes,no,no,5,4,2,1,1,3,7,24,17,22
335,GP,M,16,U,GT3,T,3,1,at_home,services,home,mother,1,0,0,no,no,no,yes,yes,yes,yes,no,3,2,3,1,1,4,-1,5,5,4
336,GP,F,17,U,GT3,T,4,2,at_home,other,course,mother,0,1,0,no,yes,no,yes,yes,yes,yes,no,5,2,2,1,0,4,-1,17,22,17
337,GP,M,15,U,GT3,T,0,1,at_home,services,home,mother,1,1,0,no,yes,no,yes,yes,yes,yes,no,3,3,4,1,1,4,-1,5,17,17
338,GP,M,14,U,GT3,T,3,1,other,services,home,mother,0,2,0,no,yes,no,yes,yes,yes,yes,no,4,2,3,4,0,3,-1,5,17,17
339,MS,M,15,U,LE3,T,0,4,services,services,course,mother,0,2,0,yes,no,no,yes,yes,yes,yes,no,4,3,4,0,1,3,7,5,22,3
340,GP,M,17,U,GT3,T,4,1,other,services,course,mother,1,1,0,no,no,no,yes,yes,no,yes,no,4,3,4,1,2,4,-1,3,17,9
341,MS,F,15,U,GT3,T,0,1,at_home,services,course,father,2,0,0,no,yes,no,yes,yes,yes,yes,no,3,3,1,1,0,2,-1,3,4,12
342,GP,M,16,U,GT3,T,3,2,at_home,services,home,mother,0,0,0,no,no,no,yes,yes,yes,yes,no,3,2,3,1,1,4,-1,5,17,4
343,MS,F,15,U,GT3,T,0,1,at_home,other,course,father,1,5,0,yes,no,no,no,yes,yes,yes,no,-1,3,5,2,1,2,52,21,22,17
344,MS,F,15,U,GT3,T,4,1,services,other,home,mother,1,2,0,no,yes,no,no,yes,no,yes,no,-1,6,3,1,1,3,1,17,17,19
345,GP,M,16,R,GT3,T,3,1,at_home,services,home,mother,0,1,0,no,yes,yes,no,yes,yes,yes,no,3,3,3,1,0,0,0,5,22,5
346,MS,M,23,U,GT3,T,2,3,services,other,home,father,2,1,0,no,yes,yes,yes,no,yes,yes,yes,5,2,2,7,2,3,15,16,3,4
347,GP,M,16,U,GT3,T,0,1,at_home,services,home,mother,1,0,0,no,no,no,yes,yes,yes,yes,no,3,2,3,1,1,4,-1,5,17,4
348,MS,M,15,U,GT3,T,2,1,at_home,services,reputation,mother,0,0,0,no,yes,no,yes,yes,yes,yes,no,4,2,3,1,0,4,-2,5,22,4
349,MS,M,15,U,GT3,T,1,2,at_home,services,home,mother,0,3,0,no,no,no,yes,yes,yes,yes,no,4,4,4,0,0,4,-2,5,17,17
350,GP,M,16,U,GT3,T,0,1,at_home,services,home,mother,1,1,0,no,no,no,yes,yes,yes,yes,no,3,3,3,1,1,4,-1,5,17,4
351,MS,M,17,U,GT3,T,3,2,at_home,services,course,mother,0,1,0,yes,yes,yes,no,yes,yes,yes,no,5,4,3,0,1,2,-1,5,8,17
352,GP,F,16,U,GT3,T,0,1,at_home,services,home,mother,0,0,0,no,yes,no,yes,yes,yes,yes,no,3,3,3,1,1,4,-1,5,17,4
353,GP,F,16,U,GT3,T,2,1,at_home,services,course,mother,0,1,0,no,no,no,yes,yes,yes,yes,no,3,4,4,1,1,4,-1,5,17,4
354,GP,M,16,U,GT3,T,0,2,at_home,services,reputation,mother,1,1,0,no,no,no,yes,yes,yes,yes,no,3,3,3,1,1,4,-1,5,17,4
355,GP,M,14,U,GT3,A,2,3,other,services,home,mother,1,2,0,no,no,no,no,yes,yes,yes,no,2,3,1,1,3,4,-1,-2,3,1
356,GP,M,16,U,GT3,T,1,0,at_home,services,course,mother,1,1,0,no,yes,no,yes,yes,yes,yes,no,4,2,3,1,1,4,-2,19,16,17
357,GP,F,16,U,GT3,T,2,1,at_home,services,home,mother,1,2,0,no,yes,no,yes,yes,yes,yes,no,3,3,3,1,0,3,-1,5,7,4
358,GP,M,16,U,GT3,T,0,1,at_home,services,home,mother,1,0,0,no,yes,no,yes,yes,yes,yes,no,3,3,1,1,0,4,-1,5,17,17
359,GP,M,16,U,GT3,T,0,1,at_home,services,home,mother,0,1,0,no,yes,no,yes,yes,yes,yes,no,4,2,4,1,0,4,-1,5,17,17
360,GP,M,16,U,GT3,T,2,2,at_home,services,home,mother,0,1,0,no,yes,no,yes,yes,yes,yes,no,3,2,3,1,0,5,-1,20,17,4
361,GP,F,19,U,GT3,A,1,1,teacher,other,course,mother,1,1,0,no,yes,no,yes,yes,no,yes,no,4,4,4,2,2,2,-2,5,9,22
362,GP,M,16,U,GT3,T,0,1,at_home,services,home,mother,1,0,0,no,no,no,yes,yes,yes,yes,no,3,4,3,1,1,4,-1,5,17,4
363,GP,F,17,U,GT3,T,2,0,at_home,services,home,other,0,1,0,no,yes,no,yes,yes,yes,yes,no,3,3,4,7,0,4,1,-2,3,8
364,GP,M,16,U,GT3,T,0,0,teacher,services,course,mother,0,0,0,no,yes,no,yes,yes,yes,yes,no,3,2,0,1,0,4,-1,5,17,17
365,MS,M,18,U,GT3,T,3,0,services,services,course,father,6,0,0,no,no,no,no,no,yes,yes,yes,5,2,3,1,0,4,-1,5,17,4
366,GP,M,16,U,GT3,T,3,0,other,other,course,mother,0,1,0,no,no,no,yes,no,yes,yes,no,5,3,2,1,1,3,0,21,17,17
367,MS,F,17,U,GT3,T,0,2,at_home,services,course,mother,0,1,0,no,no,no,yes,yes,yes,yes,no,3,2,4,0,1,2,-4,21,4,22
368,GP,M,16,U,GT3,T,0,2,at_home,services,home,mother,1,1,0,no,yes,no,yes,yes,yes,yes,no,3,2,3,1,1,4,-1,5,17,4
369,GP,F,14,U,GT3,T,2,2,other,services,home,mother,0,5,0,no,yes,no,no,yes,yes,no,no,4,2,4,7,0,3,7,3,4,22
370,GP,M,16,U,GT3,T,0,1,at_home,other,course,mother,1,0,0,no,no,no,yes,yes,yes,yes,no,4,3,3,1,1,4,-1,5,17,10
371,GP,F,17,U,GT3,T,0,1,at_home,services,home,mother,0,1,0,no,yes,no,yes,yes,yes,yes,no,3,3,2,1,2,4,-2,3,13,4
372,GP,M,16,U,GT3,T,3,1,at_home,services,home,mother,1,1,0,no,yes,no,yes,yes,yes,yes,no,3,2,3,1,1,4,-1,5,22,4
373,GP,M,18,U,GT3,T,1,2,at_home,other,home,father,0,1,0,yes,no,yes,yes,no,yes,yes,no,4,4,4,1,2,2,6,5,4,17
374,GP,F,16,U,GT3,T,1,1,at_home,services,home,mother,0,0,0,no,no,no,yes,yes,yes,yes,no,3,3,4,1,1,2,-1,3,17,4
375,MS,F,14,U,LE3,T,3,1,at_home,services,home,father,6,2,0,no,no,no,yes,yes,yes,yes,no,-1,3,4,1,2,4,7,5,30,1
376,GP,F,16,U,GT3,T,3,2,at_home,services,course,mother,1,0,0,no,no,no,yes,yes,yes,yes,no,3,4,3,1,1,4,-1,7,17,17
377,GP,M,16,U,GT3,T,2,2,at_home,other,home,father,1,1,0,no,yes,no,yes,yes,yes,yes,no,3,2,4,1,1,2,-1,5,6,5
378,GP,M,16,U,GT3,T,1,0,at_home,services,home,mother,0,0,0,no,yes,no,yes,yes,yes,yes,no,3,3,0,1,1,2,-1,5,17,6
379,GP,M,16,U,GT3,T,0,1,at_home,services,course,mother,1,1,0,no,yes,no,yes,yes,yes,yes,no,3,3,4,0,1,4,-1,5,17,14
380,GP,F,16,U,GT3,T,1,4,other,services,home,mother,0,1,0,no,no,no,yes,yes,yes,yes,no,2,3,3,1,1,2,-1,5,17,4
381,GP,M,15,U,GT3,T,2,4,other,services,course,mother,0,0,0,no,no,no,yes,yes,yes,no,no,3,2,4,0,1,4,0,5,19,1
382,GP,F,15,U,GT3,T,2,2,at_home,services,course,mother,1,3,0,no,no,yes,no,no,yes,yes,yes,5,6,4,0,1,3,15,17,17,21
383,GP,M,15,U,LE3,T,3,0,at_home,services,course,mother,0,1,0,no,yes,yes,no,no,yes,yes,yes,5,3,4,1,1,2,-4,21,13,7
384,GP,M,16,U,GT3,T,3,1,at_home,services,course,mother,0,0,0,no,no,no,yes,yes,yes,yes,no,3,2,3,0,1,4,-1,5,17,17
385,GP,M,16,U,GT3,T,0,1,at_home,services,home,mother,1,0,0,no,no,no,yes,yes,yes,yes,no,2,2,3,1,1,4,-1,3,16,8
386,MS,M,16,U,GT3,T,0,1,at_home,services,course,mother,0,0,0,no,no,yes,no,yes,no,no,yes,4,3,4,7,2,0,-1,5,17,22
387,GP,M,15,U,GT3,T,2,1,at_home,services,home,mother,1,0,0,no,no,yes,yes,yes,yes,yes,no,4,4,4,1,2,4,1,5,17,11
388,GP,M,17,U,LE3,T,2,1,teacher,other,course,father,1,1,0,yes,no,yes,yes,no,yes,yes,no,4,2,0,0,0,3,-7,14,19,4
389,GP,M,16,U,GT3,T,0,2,at_home,services,home,father,1,0,0,no,yes,no,yes,yes,no,yes,yes,4,2,4,1,0,4,-1,5,22,6
390,GP,M,17,U,LE3,T,0,0,at_home,services,home,father,1,2,0,no,no,yes,no,yes,yes,yes,yes,2,1,2,1,1,0,-1,3,4,4
391,MS,F,17,U,GT3,T,4,4,at_home,services,home,other,0,2,0,no,yes,yes,no,no,no,yes,no,5,3,2,0,2,4,18,5,17,22
392,GP,M,15,U,GT3,T,1,3,at_home,other,reputation,mother,1,1,0,no,yes,no,yes,no,yes,yes,no,5,4,4,0,1,4,7,21,22,22
393,GP,M,16,U,GT3,T,0,1,at_home,services,home,mother,0,0,0,no,no,no,yes,yes,yes,yes,no,3,4,0,0,1,4,-1,5,17,17
394,GP,M,17,U,GT3,T,0,3,at_home,services,home,mother,0,1,0,no,yes,no,yes,yes,yes,yes,no,3,2,3,1,0,4,-1,5,22,4
395,GP,F,15,U,GT3,T,0,3,at_home,services,home,other,0,1,0,no,no,yes,yes,no,no,yes,no,2,2,2,0,2,3,0,14,5,21
396,GP,M,16,U,GT3,T,0,4,at_home,services,home,father,1,0,0,no,no,no,yes,yes,yes,yes,no,3,2,3,1,1,4,-1,21,22,17
397,GP,M,16,U,GT3,T,0,1,at_home,services,home,mother,0,0,0,no,no,no,yes,yes,yes,yes,no,3,2,3,1,0,4,-1,5,22,4
398,GP,M,15,U,GT3,T,2,1,at_home,services,home,mother,0,0,0,no,no,no,yes,yes,yes,yes,no,3,3,3,1,1,4,-1,5,17,4
399,GP,M,16,U,GT3,T,0,1,at_home,services,reputation,mother,1,1,0,no,yes,no,yes,yes,yes,yes,no,3,3,3,1,1,4,-1,5,17,4
400,MS,M,16,U,GT3,T,2,1,at_home,services,home,other,1,1,0,no,no,no,yes,yes,yes,yes,no,3,3,2,1,0,4,-1,5,3,17
401,GP,F,16,U,GT3,T,3,4,at_home,services,reputation,father,0,2,0,no,yes,no,yes,yes,yes,yes,no,4,3,0,1,0,2,-1,3,20,17
402,GP,M,15,U,GT3,T,4,1,at_home,services,home,mother,1,2,0,no,yes,no,yes,yes,yes,yes,no,4,3,4,0,1,2,-1,5,17,22
403,MS,M,14,R,GT3,T,3,3,other,other,home,other,1,0,0,no,no,no,yes,yes,yes,yes,no,4,4,3,1,2,2,7,21,17,2
404,GP,F,15,U,GT3,T,1,2,at_home,services,course,other,1,1,0,no,yes,yes,yes,yes,yes,yes,no,3,3,2,0,0,2,-2,21,19,6
405,GP,M,15,U,GT3,T,2,1,at_home,services,home,other,1,0,0,no,no,no,yes,yes,yes,yes,no,3,3,0,1,1,4,-1,5,4,4
406,GP,M,15,U,GT3,T,2,3,at_home,other,course,mother,0,2,0,no,no,no,yes,yes,yes,yes,no,4,4,2,1,2,2,-1,5,8,5
407,MS,M,16,U,GT3,T,0,2,at_home,services,course,father,2,1,0,no,no,no,yes,no,yes,yes,no,5,3,4,0,1,4,1,24,9,22
408,GP,M,17,U,GT3,A,4,2,other,services,home,mother,1,0,0,no,no,yes,no,yes,no,no,yes,3,6,3,1,1,3,0,20,19,21
409,GP,M,16,U,GT3,T,3,2,teacher,services,home,mother,1,1,0,no,yes,no,no,yes,yes,no,yes,3,3,4,1,2,4,-1,15,19,8
410,GP,M,16,U,GT3,T,1,1,at_home,services,home,mother,1,0,0,no,yes,no,yes,yes,yes,yes,no,4,2,4,1,1,2,-1,5,3,4
411,GP,F,18,U,LE3,T,4,2,other,services,course,father,0,1,0,no,yes,yes,no,yes,no,yes,no,4,2,4,1,3,3,-2,5,22,21
412,GP,M,15,R,GT3,T,4,2,services,services,home,mother,1,2,0,no,no,yes,yes,yes,yes,yes,yes,3,2,4,0,2,5,7,17,22,17
413,MS,M,14,U,GT3,T,0,1,at_home,services,course,mother,0,1,0,yes,yes,no,yes,yes,yes,yes,no,4,2,3,1,0,2,-1,5,22,7
414,MS,F,18,U,GT3,T,1,1,at_home,services,reputation,father,0,2,0,no,yes,no,no,no,no,yes,no,5,6,4,4,5,0,5,5,4,9
415,GP,M,15,U,GT3,T,0,2,at_home,services,home,mother,1,0,0,no,yes,no,yes,yes,yes,yes,no,3,2,3,1,1,4,-1,5,17,4
416,GP,F,16,U,GT3,T,1,3,other,services,course,father,3,5,0,no,yes,no,no,no,yes,yes,no,3,6,2,0,1,4,28,5,19,8
417,MS,F,16,U,GT3,T,3,2,at_home,services,home,father,0,2,0,no,no,no,yes,yes,yes,yes,no,4,2,2,1,0,4,-2,5,22,4
418,MS,M,17,U,GT3,A,-3,3,other,services,reputation,other,1,0,0,no,no,no,yes,yes,yes,yes,yes,2,2,4,7,0,4,1,5,3,8
419,GP,F,17,R,GT3,T,3,2,other,other,home,father,0,2,0,no,no,no,no,yes,yes,yes,yes,4,3,3,0,2,4,52,24,20,11
420,GP,F,16,U,GT3,T,2,2,at_home,other,course,father,1,2,0,no,no,no,yes,yes,yes,yes,no,3,2,4,1,0,4,-2,3,17,4
421,GP,M,14,U,GT3,T,1,0,at_home,services,home,mother,0,0,0,no,yes,no,yes,yes,yes,yes,no,4,3,4,1,0,2,-1,5,22,4
422,GP,M,16,U,GT3,T,0,1,at_home,services,home,mother,1,0,0,no,no,no,yes,yes,yes,yes,no,4,2,3,1,1,4,-1,5,19,17
423,GP,F,18,R,GT3,T,2,2,other,services,home,mother,0,2,0,no,yes,yes,no,yes,yes,yes,no,4,2,3,4,1,3,7,3,4,20
424,MS,M,16,U,GT3,T,2,1,at_home,services,home,mother,0,1,0,no,no,no,yes,yes,yes,yes,no,3,2,3,1,1,4,-1,5,17,4
425,GP,M,16,U,GT3,T,2,1,at_home,services,home,father,1,0,0,no,no,no,yes,yes,yes,yes,no,3,3,1,1,1,4,-1,5,17,4
426,GP,M,15,U,GT3,T,2,1,at_home,services,home,mother,1,0,0,no,no,no,yes,yes,yes,yes,no,3,3,3,1,1,4,-1,5,22,4
427,GP,M,17,U,GT3,A,4,2,at_home,services,home,father,0,1,0,no,no,no,yes,no,yes,yes,no,5,6,3,2,0,0,-1,21,19,21
428,MS,M,15,U,GT3,T,0,3,at_home,other,course,other,1,2,0,no,yes,no,no,no,yes,yes,no,2,2,3,1,1,4,-2,21,22,4
429,GP,M,16,U,GT3,T,0,1,at_home,services,home,mother,1,0,0,no,yes,no,yes,yes,yes,yes,no,3,2,4,1,1,4,-1,5,17,4
430,GP,M,15,U,GT3,T,0,2,at_home,services,course,mother,0,2,0,no,yes,no,yes,yes,yes,yes,no,4,3,4,1,0,4,-1,5,17,9
431,GP,M,16,U,GT3,T,0,1,at_home,services,home,mother,1,0,0,no,yes,no,yes,yes,yes,yes,no,3,2,3,1,1,4,-1,5,17,4
432,GP,M,16,U,GT3,T,3,2,other,services,home,mother,0,1,0,no,yes,no,no,yes,yes,yes,no,5,3,3,0,1,3,1,5,22,22
433,MS,M,14,U,GT3,T,3,2,at_home,other,reputation,father,0,1,0,no,no,yes,no,yes,yes,yes,no,4,2,4,0,1,3,1,21,3,16
434,GP,M,16,U,GT3,T,0,2,at_home,services,home,mother,1,1,0,no,no,no,yes,yes,yes,yes,no,3,2,3,1,1,4,-1,5,17,4
435,GP,M,16,U,GT3,T,0,1,at_home,services,home,mother,1,0,0,no,no,no,yes,yes,yes,yes,no,3,3,3,1,1,4,-1,5,17,4
436,GP,M,14,U,GT3,T,0,1,other,services,home,mother,1,1,0,no,no,no,yes,yes,yes,yes,no,3,3,3,1,2,4,-1,3,17,4
437,GP,M,16,U,GT3,T,3,1,at_home,services,home,mother,1,0,0,no,no,no,yes,yes,yes,yes,no,3,3,3,1,1,4,-1,5,17,4
438,GP,M,15,U,GT3,T,1,0,at_home,services,home,mother,1,2,0,no,no,no,no,yes,yes,yes,no,4,4,2,0,2,3,1,16,5,17
439,GP,M,16,U,GT3,T,2,1,at_home,services,home,father,1,1,0,no,yes,no,yes,yes,yes,yes,yes,3,4,0,1,2,2,1,5,22,21
440,GP,F,16,U,GT3,T,1,1,at_home,services,course,mother,1,0,0,no,yes,no,yes,yes,yes,yes,no,3,4,3,1,1,4,-1,5,17,4
441,GP,M,17,U,GT3,T,2,2,teacher,services,home,mother,1,2,0,no,no,no,yes,yes,yes,no,no,4,2,3,1,3,2,-1,5,17,4
442,GP,M,16,U,GT3,T,0,1,at_home,services,home,mother,1,0,0,no,no,yes,yes,yes,yes,yes,no,4,2,3,1,1,4,-1,5,22,4
443,GP,M,14,U,LE3,T,2,0,at_home,services,home,mother,2,2,0,no,no,no,yes,yes,yes,yes,no,4,3,4,1,2,4,-1,5,19,4
444,GP,F,16,U,GT3,T,3,0,teacher,teacher,course,mother,1,2,0,yes,yes,no,no,no,yes,no,no,2,4,1,1,1,0,-1,8,19,7
445,GP,M,16,U,GT3,T,0,2,at_home,services,home,mother,1,1,0,no,yes,no,yes,yes,yes,yes,no,3,4,4,1,1,4,-1,5,17,1
446,MS,F,15,U,GT3,T,3,2,at_home,services,course,mother,0,1,0,no,no,no,no,yes,yes,yes,no,5,3,3,1,0,3,-2,5,17,13
447,MS,M,15,R,GT3,T,2,1,at_home,services,home,father,1,1,0,no,no,yes,yes,yes,no,yes,no,4,2,3,2,2,2,1,21,19,15
448,GP,M,16,U,GT3,T,2,2,at_home,services,home,mother,1,1,0,no,yes,no,yes,yes,yes,yes,no,3,2,3,1,1,4,-1,6,22,4
449,GP,M,18,U,GT3,T,3,2,at_home,other,home,mother,1,2,0,no,no,no,no,yes,yes,yes,no,4,2,4,0,0,3,-1,6,17,8
450,GP,M,17,U,GT3,T,1,4,other,services,course,mother,1,0,0,no,no,no,no,yes,yes,yes,no,4,3,3,0,2,0,26,6,22,17
451,GP,M,16,U,GT3,T,0,1,at_home,services,course,mother,1,1,0,no,yes,no,yes,yes,yes,yes,no,3,2,3,1,1,4,-1,5,17,4
452,GP,F,14,U,GT3,T,0,2,services,other,home,mother,1,1,0,no,no,no,yes,yes,yes,yes,no,-1,2,3,2,2,0,-1,5,17,7
453,MS,M,15,U,LE3,T,3,2,at_home,services,course,mother,0,1,1,no,no,no,yes,yes,yes,yes,no,3,4,4,0,1,3,-1,5,19,17
454,GP,M,17,U,GT3,T,0,1,at_home,services,home,mother,0,1,0,no,no,no,yes,yes,yes,yes,no,3,3,4,1,0,4,-1,5,17,17
455,GP,M,16,U,GT3,T,0,1,at_home,services,course,mother,1,1,0,no,yes,no,yes,yes,yes,yes,no,3,2,3,1,1,4,-1,5,17,4
456,GP,M,16,U,GT3,T,2,2,at_home,services,home,mother,1,1,0,no,no,no,yes,yes,yes,yes,no,3,2,3,1,1,4,-1,5,22,4
457,MS,F,16,U,GT3,T,4,4,at_home,at_home,home,other,1,1,0,no,no,no,no,yes,yes,no,yes,3,0,4,0,1,4,1,9,22,1
458,GP,F,15,U,GT3,T,2,4,teacher,other,course,mother,1,1,1,no,yes,yes,yes,no,yes,yes,no,2,4,4,7,1,3,0,24,3,6
459,MS,M,15,U,GT3,T,2,0,at_home,services,home,mother,1,1,0,no,no,no,yes,yes,yes,yes,no,3,3,0,1,1,4,-1,5,17,10
460,GP,M,14,R,GT3,T,2,2,teacher,other,home,mother,1,2,0,no,yes,yes,no,no,no,yes,no,4,3,4,2,0,2,-2,23,22,4
461,GP,M,17,U,LE3,T,4,1,at_home,services,home,other,1,2,0,no,yes,yes,yes,yes,yes,yes,no,3,4,4,1,1,4,-1,5,11,6
462,GP,F,16,U,LE3,T,4,1,other,services,other,mother,1,0,0,no,yes,no,no,yes,yes,yes,no,3,2,3,1,6,4,-1,5,22,17
463,GP,M,16,U,GT3,T,0,0,at_home,services,home,mother,0,1,0,no,yes,no,yes,yes,yes,yes,no,3,2,3,1,0,4,-1,5,17,4
464,MS,M,16,U,GT3,T,1,2,at_home,services,course,mother,0,1,0,no,yes,no,yes,yes,yes,yes,no,4,4,1,1,0,4,-1,5,17,4
465,GP,M,15,U,GT3,T,0,1,at_home,services,home,mother,0,0,0,no,no,no,yes,yes,yes,yes,no,3,3,3,1,0,4,-1,5,17,4
466,GP,M,15,R,GT3,T,4,2,other,services,home,mother,0,0,0,no,yes,no,no,yes,yes,yes,no,4,2,4,1,1,0,-1,5,17,4
467,GP,F,16,U,GT3,T,3,1,at_home,services,course,mother,1,1,0,no,no,no,yes,yes,yes,yes,no,4,2,4,0,0,2,-1,5,17,18
468,GP,F,16,U,GT3,T,2,1,at_home,services,course,mother,1,0,0,yes,no,no,yes,yes,yes,yes,yes,5,1,0,1,0,4,-2,3,3,22
469,GP,M,15,U,GT3,T,2,1,at_home,other,course,other,1,2,0,no,no,no,yes,no,yes,yes,no,4,4,3,1,1,4,-1,5,30,4
470,GP,M,16,U,GT3,T,3,3,at_home,services,course,mother,0,2,0,no,no,no,yes,yes,yes,yes,yes,3,4,2,1,2,4,-1,5,22,16
471,MS,F,16,U,GT3,T,4,3,teacher,other,course,other,1,1,0,no,yes,no,yes,no,yes,yes,no,5,2,3,2,0,5,7,12,22,17
472,GP,M,16,U,GT3,T,0,1,at_home,services,home,mother,1,0,0,no,yes,yes,yes,yes,yes,yes,no,3,4,0,1,0,4,-1,5,17,4
473,GP,M,15,U,GT3,T,0,3,at_home,services,home,mother,1,0,0,no,no,no,yes,yes,yes,yes,no,3,2,3,1,1,4,-1,5,16,17
474,MS,M,14,U,GT3,T,1,0,at_home,services,home,other,1,5,0,no,yes,no,yes,yes,yes,yes,yes,3,2,3,1,1,2,-1,5,22,21
475,GP,F,17,U,LE3,T,1,0,teacher,services,home,mother,1,3,1,no,no,no,yes,no,yes,no,yes,4,4,5,1,0,4,15,5,30,4
476,GP,M,16,U,GT3,T,0,1,at_home,services,home,mother,1,0,0,no,yes,no,yes,yes,yes,yes,no,3,2,3,1,1,4,-1,5,17,4
477,GP,M,16,U,GT3,T,0,1,at_home,services,home,mother,1,1,0,no,yes,no,yes,yes,yes,yes,no,3,2,2,1,1,2,-1,3,4,4
478,GP,M,16,U,GT3,T,2,2,at_home,services,home,father,4,0,0,no,yes,no,yes,yes,yes,yes,yes,4,3,3,1,0,4,-1,3,22,4
479,GP,M,16,U,GT3,T,2,1,at_home,services,course,mother,0,2,0,no,yes,no,yes,yes,yes,yes,no,5,3,3,1,0,2,-1,5,17,17
480,GP,M,16,U,GT3,T,0,1,at_home,services,home,mother,0,0,0,no,no,no,yes,yes,yes,yes,no,3,3,4,1,1,4,-1,5,13,4
481,GP,M,15,U,GT3,T,2,0,other,services,course,mother,1,1,0,no,no,no,yes,yes,yes,yes,yes,4,3,3,1,1,2,-1,5,4,17
482,GP,M,16,U,GT3,T,0,1,at_home,services,home,mother,1,1,0,no,yes,no,yes,yes,yes,yes,no,3,3,3,1,1,4,-1,5,17,4
483,GP,M,16,U,GT3,T,2,1,at_home,other,home,mother,1,0,0,no,yes,no,yes,yes,yes,yes,no,3,2,0,1,1,4,-1,5,3,4
484,GP,M,16,U,GT3,T,0,1,at_home,services,home,mother,1,1,0,no,no,no,yes,yes,yes,yes,no,3,3,3,1,1,4,-1,5,17,4
485,GP,M,17,U,GT3,T,2,1,at_home,services,home,father,0,0,0,no,no,no,yes,yes,yes,yes,no,3,3,4,1,0,4,-1,5,22,4
486,GP,F,16,U,GT3,T,3,1,at_home,services,home,mother,2,1,0,no,yes,yes,yes,yes,yes,yes,no,4,3,3,1,0,4,0,5,17,4
487,GP,M,15,U,GT3,T,0,1,at_home,services,home,father,1,1,0,no,yes,no,yes,yes,yes,yes,no,3,2,3,1,1,4,-1,5,22,4
488,GP,M,16,U,GT3,T,0,1,at_home,services,home,mother,1,0,0,no,no,no,yes,yes,yes,yes,no,3,2,3,1,1,4,-1,5,17,16
489,MS,F,15,U,GT3,T,3,1,services,other,course,mother,0,2,0,no,yes,no,yes,yes,yes,yes,no,5,4,4,1,6,2,-2,5,4,16
490,GP,M,16,U,GT3,T,1,3,other,other,reputation,other,0,0,0,no,yes,no,yes,yes,yes,yes,no,4,3,4,1,2,5,28,3,22,21
491,GP,M,17,U,GT3,T,3,2,other,other,home,father,1,2,0,no,no,no,yes,yes,yes,yes,yes,4,4,3,0,1,4,7,17,30,26
492,MS,M,16,U,GT3,T,3,2,other,services,course,mother,1,2,1,yes,no,no,yes,yes,yes,yes,no,4,4,3,0,1,4,1,-2,22,17
493,GP,M,16,U,GT3,T,3,1,at_home,services,home,mother,1,0,0,no,yes,no,yes,yes,yes,yes,no,3,2,3,1,1,4,-1,5,17,4
494,MS,M,15,U,GT3,T,0,2,teacher,services,home,mother,0,2,0,no,no,yes,yes,yes,yes,yes,no,3,4,2,0,1,4,-1,5,17,20
495,GP,M,16,U,GT3,T,2,2,at_home,services,home,mother,0,0,0,no,no,no,yes,yes,yes,yes,no,3,4,3,1,1,4,-1,5,17,4
496,GP,M,16,U,GT3,T,2,1,at_home,services,home,mother,1,1,0,no,no,no,yes,yes,yes,yes,no,3,2,3,1,0,4,-1,5,17,4
497,GP,F,15,U,LE3,T,4,1,other,services,home,mother,0,5,0,no,yes,no,yes,no,yes,yes,no,5,2,2,2,0,3,7,8,17,21
498,GP,F,21,U,GT3,T,2,2,other,services,course,mother,2,0,0,no,yes,no,yes,yes,yes,yes,yes,4,3,2,1,0,4,-7,5,22,17
499,GP,M,17,U,GT3,T,1,0,teacher,services,course,mother,0,2,0,no,no,yes,no,no,no,no,no,4,5,4,0,2,2,-1,-2,17,21
500,MS,F,15,U,GT3,T,3,1,at_home,services,home,mother,2,2,0,no,no,no,yes,yes,yes,yes,no,3,3,3,1,1,2,-2,5,16,2
501,GP,F,15,U,LE3,T,1,2,other,services,home,mother,0,3,0,no,no,yes,no,no,yes,yes,no,4,4,3,0,2,3,0,3,4,17
502,GP,M,15,U,GT3,T,0,0,teacher,services,home,father,1,0,0,no,no,yes,yes,yes,yes,yes,no,5,3,3,1,1,4,-1,8,4,14
503,GP,M,16,U,GT3,T,0,1,at_home,services,home,mother,1,0,0,no,yes,no,yes,yes,yes,yes,no,3,3,3,1,0,4,-1,5,22,4
504,GP,F,16,U,GT3,T,0,1,at_home,services,home,mother,6,1,0,no,no,no,no,yes,yes,yes,no,4,6,3,1,1,3,-2,17,4,17
505,MS,M,15,U,GT3,T,3,4,other,services,course,other,0,1,0,no,yes,no,yes,no,yes,yes,no,3,2,2,1,2,3,-2,5,22,21
506,GP,M,14,U,GT3,T,3,2,at_home,services,course,mother,0,1,0,yes,yes,no,no,yes,yes,yes,no,3,4,3,1,1,2,-1,5,17,4
507,GP,M,16,U,GT3,T,0,2,at_home,services,home,mother,0,1,0,no,no,no,yes,yes,yes,yes,no,3,2,4,1,1,4,-1,5,17,4
508,GP,M,16,U,GT3,T,3,1,at_home,services,home,father,1,5,0,no,yes,no,yes,yes,yes,yes,yes,4,3,0,1,0,3,-1,-2,4,1
509,GP,M,17,U,GT3,T,0,2,at_home,services,home,mother,1,1,0,no,no,no,yes,yes,yes,yes,no,3,4,3,1,0,0,-1,3,22,17
510,GP,M,17,U,GT3,T,1,2,at_home,other,home,mother,1,2,0,yes,no,no,yes,no,no,yes,no,-1,3,4,1,1,2,7,18,4,2
511,GP,M,23,U,GT3,T,4,1,at_home,other,course,mother,0,1,0,no,no,no,yes,yes,yes,no,no,4,3,2,1,2,3,28,21,3,22
